{"version":2,"hash":{"type":"Buffer","data":"/2zVDiZr21Oj6T+E5ZgkPGkeMB1FAKzvtwRyO+ChbvEFA46CfRqmcFrIYu161TCgx8on5OYi7j4vsgBxCiYnkO/IsWhbwfo4NCR6lIceJ1nxlrFZckoOir2ssarqjiceSQ29ptmQCJhCIRDim3Zleptryb278FnDnQkSm863VXY="},"indexValueMap":{"nGk84LoPF9akh7mEatEX+THKqp4Vk5DFovcio6/QPnk=":{"valueMac":{"type":"Buffer","data":"bZEDwl6OAQvqDALnAIKRk6qPYCwJiferKz7pg7KT1VY="}},"Yo75DVgGF4imVnatNIMeiA3lhg54E2cEf4crN9udhOM=":{"valueMac":{"type":"Buffer","data":"HcExjv9fBrVDtnFkaWB08X70kEZfbh6u9Z7vSgEzaYg="}},"dMsOO8y8ONKIarSjDLLPgDwo9vqfyIKaBECIa5zvCYw=":{"valueMac":{"type":"Buffer","data":"uIhEeDcsIzjzwrjS4PDPAH2YDO/UsVcMUKmAbPB7v7Y="}},"VHXSKgsuAjl1mHl10rRC6ljkjQWdivuPAghRkCMQxFg=":{"valueMac":{"type":"Buffer","data":"4e31cYKOpAm8rXU45O7GiwoE+ocDadW7i0KwuMVQtNM="}},"EEtV8UBfaW8fRcT9sTUhOt9qimhU9r9fk8Fj/DJcHm4=":{"valueMac":{"type":"Buffer","data":"JFOmqtrpU0/CF0ziGILtQJhIs11mFWrvmwDBJtOEv9Y="}},"EriBrX8cib4N8DlV+QnGzUbPCzEknxxQb0DGXmh5Rok=":{"valueMac":{"type":"Buffer","data":"AsQk+QntvKrcfBPXGxxcgeEPOzhERgLLMzQ9P1UbZoI="}},"FsrmPfnz5rfMKaa3YA32gvaWZvFOn3Rup2n9/Wz4kbw=":{"valueMac":{"type":"Buffer","data":"dsSlLGD4GFS+kHEyOYx7G1ad4iRAWJ2gLRWer7qMkoI="}},"uL5BR2USCQyv5mBjw4vx/LQjxcMve/WEpy9hNlmx444=":{"valueMac":{"type":"Buffer","data":"tNv7vUCLs57JXRtcAyUiob8G6OkZ7FZFtciJPKF/+kA="}},"J66p9JXr+rvxvRh8/mCSthZB023+kGG/lCjey2IdMTM=":{"valueMac":{"type":"Buffer","data":"0PwZox39BMRufFH4HZW+7bAI/kLD/gvdztb9nb3bW2s="}},"soA7SaP4wLiShVK+oBDeiKpm5nyZ6ohT/T9j93rqLqw=":{"valueMac":{"type":"Buffer","data":"3naO/BWYjWvraarMcA2uAt0gESTcN4BvJH66qVFTBX4="}},"eMrjHLq5P01blEpBRPY3Bvd6zUTalut1R8ZBS9s3XEY=":{"valueMac":{"type":"Buffer","data":"op6NOtmeiZBbKpRxmzeFUkdMMK3ahB2i4qiS47TpQS0="}},"H1MmqbxukRBDWHsdn239qYfmwdPMaMUJTQ4GsZxH5Yk=":{"valueMac":{"type":"Buffer","data":"l2NawyaMxUcM9M0k577NAOcNEkdPiCbyM848FI00bHY="}},"/CaGtwplNN2m0/dlaDFKMCKVRnie0v/9cscEzxt0Ulo=":{"valueMac":{"type":"Buffer","data":"N2Paz3BnTrAmmfXify92JSg7ZSsyROaCHYBaDIDxbC0="}},"2c4NgmVCwHQuqLbVSNx1r3EALBL234lVfe5DlNqX3xc=":{"valueMac":{"type":"Buffer","data":"Jdn18JYoykfpdeP5h7BPMgTGcnpfLGbeQlYs4nt9PBA="}},"RmZi4Oqt6fO99bqyDfJqA7yRRhwOtGkBn6t2O1sPY/E=":{"valueMac":{"type":"Buffer","data":"TFUQqysYaF7pjof4SPlOjL/7cNl9G2lETvofNlRsrSg="}},"PaxnCbbACs/O7NukvNqYURLIbPh791fUUyQm7hUlCEk=":{"valueMac":{"type":"Buffer","data":"5COkmql5RSJtQc2Qz1OvlIeyqKRrTUsYssCTc/Q/wM8="}},"OoCHV4ocU24S6lhgMrVZbNKDtgJ2iVAzdYVKO0JYAJA=":{"valueMac":{"type":"Buffer","data":"i2fOQutLlqzK6VWOKYC4vJfYtgbkc1YndWqbMW13c7Y="}},"bkjLAZ3DXpsWmOV1z1WS7fvyEuMeBp5osso8GLoRtxk=":{"valueMac":{"type":"Buffer","data":"yLJzN8MYW9ojT59bcJEhM4STgrB2rky9YNuQ06+U1k8="}},"qNWAhahjMJIz84pnhkEVUUaIKZsIBo5bxIagD1cMYHU=":{"valueMac":{"type":"Buffer","data":"nHeapoHqQNzpkcD0c1Y+fjVlaoM2/VEW/Nn2vpu3X0w="}},"D1k2aW7VzTcA690Qs7kfTqnePj1ZRmwU6tJrs266Mu8=":{"valueMac":{"type":"Buffer","data":"bO0C+QHGMxY1n/+bLXqRaxcuW4RnkicdqYE95bXy/74="}},"06BVGiaOlAxS80JkoGLgLbXOTZn1iz7x9rKzSgU0wOM=":{"valueMac":{"type":"Buffer","data":"2p9n+y78x8An364XdxlMCV4tu8EsI/nblCyV7vQ/MKc="}},"S6YyVMdfGrQl1b5WuXAfRVTF4Atyo4J/aH5+WQwprbg=":{"valueMac":{"type":"Buffer","data":"vfglpxkgqy06TMuCbdSt8iKQGbv+3qijviGgyvNUg5E="}},"/7YNarYPjXMpVjUPtqD9gxc0PGSlPeun5MmRabQG7NU=":{"valueMac":{"type":"Buffer","data":"a4kkqKe/bknfPRanjQRhGEnXzGHDSJ/bhE4STBNhsLw="}},"nShWYI/RvuCquE8uhRI24LqY9fILGSmfAC3RAG9zAr0=":{"valueMac":{"type":"Buffer","data":"dTSz6pKsgCIt8Vw+IoR1FCiZfFmLiVHBY3ewxX/a6e8="}},"CLgAmtZAboAMLpJ3EoEatRIt/p37x/2KOnnlr6sTXWE=":{"valueMac":{"type":"Buffer","data":"3CHlARnlqu0cggyNvI1PX2uyW2saoO2ljne659D5tcQ="}},"8CaXfF6eaG01kVT0+SLmXozyo4j6v/0LkJNS9KLF82s=":{"valueMac":{"type":"Buffer","data":"6eio3Wb9Rht6I4h5HtJJG9oRjxSrVmFR4WT7zhhJMvM="}},"ayf/PZ6qOZceh1ghCJLFQad9vG4p8LbKmPyUGFeoAHk=":{"valueMac":{"type":"Buffer","data":"Ka/yEhIKBQVMY2CGJOtuuTSGUKWMdkjg4/7ONfYQTKU="}},"WY2MXb6MdJwsDXPvCCMi4Dmn3tQMAlcz1VrF2lZn2nQ=":{"valueMac":{"type":"Buffer","data":"+8PaIrIthcE7Jq9MYPFBxWFZL05TxLcUsscjjsLoW2w="}},"71IEVMpQEd17p7gy7cP8MamgzDfi4TaZeUW6KskRQ4A=":{"valueMac":{"type":"Buffer","data":"Fz/sjA8dTntvxMLrgcXG+Ra2KiGRDLHWuOxvJUPL8sQ="}},"eZ5D/8MypfSlKqRcUJRbPICzlu50IAysids3matSPsU=":{"valueMac":{"type":"Buffer","data":"aAP2rj8IypDuS9SHmjd2RHazYf/xSGPeR1Kp/sFiRfw="}},"QVTCpxuRZ07zAIlFGphe/VH4WRe7WJFdh780P+4LMUU=":{"valueMac":{"type":"Buffer","data":"Q0GYvD6mFXTFTpsgqLMEv4CT0Tjizxfj9cMYUubRxRU="}},"Ry3tUNEyEtEbqxAGRQHZV6KpFF5Tfv7WYprdEuNEdTQ=":{"valueMac":{"type":"Buffer","data":"XZWRISYdGeaBC0GHR6BSXaBJcnGjuAtspP88FGpgwYo="}},"qQF0YwdZtHpz9QzNiK9pyPhqv7ScE5eLzgmfZut0gE4=":{"valueMac":{"type":"Buffer","data":"YPluwfnRzFLxXnEdtL1D195lPZBbXHDHsOAQyVbZRV4="}},"Eu1Xw5YwS8dIuGbXkRCaMGY87ZWiNW054rzOUxS7vmI=":{"valueMac":{"type":"Buffer","data":"7g1AC+vkTDlfx1j8DKD1XJowJdrkBfP9E94M49yxqQk="}},"wNEqmy9qWVQ7/tgNMaqdQS3vB9ns5CzCqAdlOJ1fdAo=":{"valueMac":{"type":"Buffer","data":"BMeurzLllq7rBBaUnDfjl/ecL2v1FaO6D0/fALY7ImI="}},"011JSt8JhbaoHU9rb68XfwmdNjWZkwOpLdI1f9HlXLU=":{"valueMac":{"type":"Buffer","data":"lXe6iIX8tDiDuIiVo3cPrHgwrZq5Equ9pOzrErqUBos="}},"+msl4cAD1IBnREP7nuhBPK9CZ10+xM0uqcCrTrhWc7Y=":{"valueMac":{"type":"Buffer","data":"Hz4NEzjU2Jfvx7GWgPpS5lwoBtd1SIVNe1Z7wD8Nx9k="}},"hrG4lbsyfyvSjfkz7wiYUdMgMDmbqhXRNLavc0Q8K20=":{"valueMac":{"type":"Buffer","data":"1uxTPh+e6gUirYY7huED9RZu1cPb0LP3of07UqBKd3s="}},"Hgr70LX4HroxQggBNOLEOhODzMazPyST67trmAAUU/8=":{"valueMac":{"type":"Buffer","data":"kzI6T1cVuNi4fC7/sroon2b+teNM/j1ikStdewuDh54="}},"+IfKPhc/jU/RLJwDquwmhrc+7pJJnH8hNBAhCAGRw+U=":{"valueMac":{"type":"Buffer","data":"DBoS6PJN6XAW/FjxLVXPnoS9EpVQ2/4sENB8Yx998xg="}}}}