{"version":2,"hash":{"type":"Buffer","data":"+bCmZnZmogBACDYoNJsxqyRKOA2kULm/LNUwfSaKsKVI23UxMnKtuW3M/T/9hoEoO9uqzfJGEOcAw5eO/m7Jft6RrjTdjfh5g4uwSu7PJVhDpeNMaolqDzPljfGvj7wjtn3z7maoHf8XSDxR6V2tWqix1RQc+Yr4FEiWR6SfCyA="},"indexValueMap":{"1uMW0d1xxgG9cW9ECzQ/wIlyM7qaH1bl1s5Lrp1fvuA=":{"valueMac":{"type":"Buffer","data":"B7Hkme6D3XCvfK2HAz8ofe0eitK+kFTVF7gSWirbD4k="}},"1tyPpLaQRjDq2CTeHtii/hYp+TytO1WuVFqH/AzOyaM=":{"valueMac":{"type":"Buffer","data":"ORI4Yjeiigvpgz/ABcoiEK2+5zGT2Lo7OuQ9Efgl9qo="}},"5sQHhGkZh3ogcl+eBb3QBlYqOGKeSPi5ForBJE0WleM=":{"valueMac":{"type":"Buffer","data":"VrygHaSonm6N5nNM8nf+BvSy0dNfdte/iIt0LnyS1q8="}}}}