{"version":2,"hash":{"type":"Buffer","data":"F4TmtrEOOoco/B3uh5Zse37KLhqhONEuCbuC1zDeRz2J36vM9xpj7jcp9/yOybrG8VB2DqzXJFsAPIIK1AL+4t1OBGuAblCsNLomgcsMjw6TiZG6kke8AtWxu7yuiYpZMgBGAtyA7MUfNNO3DCx0X8t4SE/lvJjF+6EP/9w9ntg="},"indexValueMap":{"XF9NwI9GeNg4KFhkj9XDAiI5xJUYZktcKxkqAKiZSa0=":{"valueMac":{"type":"Buffer","data":"wJhuXALFa2CqBG5lFok/c5k/SvSRdEIre33Rn8Myrb8="}},"DFSXasJm+yaCR5tLjtsLYbdaK2LK7u853IlwEPsfsUY=":{"valueMac":{"type":"Buffer","data":"L4YbbuWUa+x5IlPSvgRbR2C3i2ccDFQ0ReXoxHj8eR4="}},"JjdAJNLP7xLUMnCVIS24YcZv46LFbMXqFFpEjiDeb1o=":{"valueMac":{"type":"Buffer","data":"YpCIuKKcbdNqkUF765kfQgrLwuUSP713wkBWAE9Rfl8="}},"kfvEFEO8+C2fQLiQcuDgSzBuITKrVQwDi3TYpxKUbRM=":{"valueMac":{"type":"Buffer","data":"aR0oswiXldgCHf/QDw8mEtgQpZkp+R0/YsKOD6mIh44="}},"MEJ800QL0EKJnc9eRbNd027vPL23TQ3xicVPy6qmm9g=":{"valueMac":{"type":"Buffer","data":"fvriO1jUSAd8MlnOpkdaMQBMuByW5GLUFoKcsx/4s9g="}},"weTSdvVKPmnEWj6dFe+M0jgGP2ytOu/A71SVaBp9GsE=":{"valueMac":{"type":"Buffer","data":"i/fNABBakS3VQrGbL2Wpq0B2/FmjLRDpqMRi71nGiF4="}},"Hd+sfk1ZzGEI+H0ixZb9r5PEyjWRjiIqB8aiYko1vGc=":{"valueMac":{"type":"Buffer","data":"rwyhSUqTU+K4WRYgqT3ON1F0QuOhNOsiSNuIYLYet0s="}}}}