{"noiseKey":{"private":{"type":"Buffer","data":"uPiXoWlxh2M5gVaxiX6QXfvEqXIY5Y6o1X3IphyT6lo="},"public":{"type":"Buffer","data":"ZyK2ggdM9miSFgRwj74ekIDtMlT2o74XffKqubLUKhI="}},"pairingEphemeralKeyPair":{"private":{"type":"Buffer","data":"KJy9xY6TO29k8GPzAMLOnLg/49OHPDoOECXJoTqT/E8="},"public":{"type":"Buffer","data":"UH+wsWvR+J71VUD+MdB2827fW2jFMv9QH0y9aw/7s2M="}},"signedIdentityKey":{"private":{"type":"Buffer","data":"wFeMSbGYNdq5Zse362hHtOulJoA18u2ebeqPN4we6Ec="},"public":{"type":"Buffer","data":"PdyN9VhmI761ZulrJpEEz5K4pq0r9EjtPE4FlDP5dx4="}},"signedPreKey":{"keyPair":{"private":{"type":"Buffer","data":"yNovqCmZpYujWDLgl50Lpq/lz/DcxS0Lta2T74HHyHo="},"public":{"type":"Buffer","data":"2MqtztUU6Ejsje6tOjXE7mzbUJ8aPfobaPXIULc7KS4="}},"signature":{"type":"Buffer","data":"Rgc8Noyn39sUSDKymRk7AJzHIHYUYsSKFH3iKCqLIX6jONkIXdz+oPVeE+Txg7CRhBUIxNmY8qDr+DsyPJ88Ag=="},"keyId":1},"registrationId":129,"advSecretKey":"A4kfsXNJOKU24pIny6jhp/pvfVEpOgtrFGIoDVck3Z0=","processedHistoryMessages":[{"key":{"remoteJid":"6285147217074@s.whatsapp.net","fromMe":true,"id":"B8F5EB470F2CFA24B75837FC13110164"},"messageTimestamp":1750161705},{"key":{"remoteJid":"6285147217074@s.whatsapp.net","fromMe":true,"id":"947BDCD11027081495A07A0A4A49CAFB"},"messageTimestamp":1750161706},{"key":{"remoteJid":"6285147217074@s.whatsapp.net","fromMe":true,"id":"C7A77EFB1F1CF94B51ED318DA724B765"},"messageTimestamp":1750161708}],"nextPreKeyId":31,"firstUnuploadedPreKeyId":31,"accountSyncCounter":1,"accountSettings":{"unarchiveChats":false},"registered":false,"account":{"details":"CMvMtokFEKSyxcIGGAEgACgA","accountSignatureKey":"Co9D0O2EWLTal0z+eRXkdo6U2p+ZEF9JcQeLZ866qAA=","accountSignature":"8WbtVn6G1Sr1oCXqPhbyzP3AxnIvGVmIUG1HNMSUTz6tyOIQFdt+XLOocFGJxDdbQoSW4Bl9LIv/jGd8W02uBA==","deviceSignature":"r9xMq4Ex0MesW+LPUAgB3HovT/pk2/s47onjei9eoTcKswg45MjAdzgCHxgsGcSFEyMoah/mQwUxv9KmLOb7DA=="},"me":{"id":"6285147217074:4@s.whatsapp.net","lid":"90388291424471:4@lid","name":"roprop"},"signalIdentities":[{"identifier":{"name":"6285147217074:4@s.whatsapp.net","deviceId":0},"identifierKey":{"type":"Buffer","data":"BQqPQ9DthFi02pdM/nkV5HaOlNqfmRBfSXEHi2fOuqgA"}}],"platform":"android","routingInfo":{"type":"Buffer","data":"CBIIBQ=="},"lastAccountSyncTimestamp":1750161781,"myAppStateKeyId":"AAAAAEz0","lastPropHash":"1K4hH4"}