{"_sessions":{"BS2HXLy1LmAIQghkqW1uBiw7qappLQ6fsoLvajXt0Os+":{"registrationId":679484686,"currentRatchet":{"ephemeralKeyPair":{"pubKey":"BYBZhHGmweR4yvJSOyTak7XX99pPBgrUcsUY5Tfc84Vw","privKey":"kKxXTBXZYGeBuf+ArWsOxotG45R2UZ1yAhDjTPN79E8="},"lastRemoteEphemeralKey":"BTDcSctqirwvLCbRBkWa+5y7ZprXC3uw9aHaD4Khh30w","previousCounter":0,"rootKey":"h8VHpvkMUUTan60m3HQZkFN6/9lY7otKjm/z4nRqeG8="},"indexInfo":{"baseKey":"BS2HXLy1LmAIQghkqW1uBiw7qappLQ6fsoLvajXt0Os+","baseKeyType":1,"closed":-1,"used":1750161945089,"created":1750161945089,"remoteIdentityKey":"BXG/lZ9G1l+GVb/QGKbagZAGQA7/g+I4MtTW/R+qHEVd"},"_chains":{"BYBZhHGmweR4yvJSOyTak7XX99pPBgrUcsUY5Tfc84Vw":{"chainKey":{"counter":3,"key":"iFrEU3I6Wwg+59nFLeUh+QKq/V7O9kPyxLl6CyDQ0EA="},"chainType":1,"messageKeys":{}}},"pendingPreKey":{"signedKeyId":0,"baseKey":"BS2HXLy1LmAIQghkqW1uBiw7qappLQ6fsoLvajXt0Os+","preKeyId":2359299}}},"version":"v1"}