{"_sessions":{"BSXblOkt4nsn4p20azhFOHkeAW086I4Eo2RX2GHz+3cj":{"registrationId":1102718142,"currentRatchet":{"ephemeralKeyPair":{"pubKey":"Bd+R39Acxz+xw0RQY/QEiVluC8JrQum6Tb+nLo2gldwt","privKey":"SBoSSE/arh9RnaXIDpdmiSj2LNv9/XOGzANzEM/VKEI="},"lastRemoteEphemeralKey":"BXcnvuOxAZWWKUvTpJCQMB323+BzaTUbomsnrxp8yr5g","previousCounter":0,"rootKey":"PCI0hkeqmcfAJQdcNZId/3I+9SYVtoWniCqjIEFR7JM="},"indexInfo":{"baseKey":"BSXblOkt4nsn4p20azhFOHkeAW086I4Eo2RX2GHz+3cj","baseKeyType":2,"closed":-1,"used":1750162041874,"created":1750161698281,"remoteIdentityKey":"BQqPQ9DthFi02pdM/nkV5HaOlNqfmRBfSXEHi2fOuqgA"},"_chains":{"BeTYPN+2zIBwCI641K8km/SbUGVQOWgsCdpyWttgObdX":{"chainKey":{"counter":7},"chainType":2,"messageKeys":{}},"Ba5lp7S5Y2fs0q/e2xdugrcuAq6FqO5c2DTqbA36KtMF":{"chainKey":{"counter":2},"chainType":2,"messageKeys":{}},"BVsKbk+YHNYtMMdicml1ZecyXfAtOMrgbq3asAbu3Ck/":{"chainKey":{"counter":0},"chainType":2,"messageKeys":{}},"BW4XwZywLKA+tDJ71tkYV2wzjZhN4eTN2JwJEoK4hatM":{"chainKey":{"counter":0},"chainType":2,"messageKeys":{}},"BR/vV7C9heBVFExRSVsWN5o8sy/er6q4wMGch7NBQz4p":{"chainKey":{"counter":0},"chainType":2,"messageKeys":{}},"BXcnvuOxAZWWKUvTpJCQMB323+BzaTUbomsnrxp8yr5g":{"chainKey":{"counter":0,"key":"dP8OSS04bOVsQzStEKQjDRw/uNsHsrV76xLMdp8Eo6k="},"chainType":2,"messageKeys":{}},"Bd+R39Acxz+xw0RQY/QEiVluC8JrQum6Tb+nLo2gldwt":{"chainKey":{"counter":0,"key":"edAiswdV8qzHAQs5kQgjDqjuOf221j3ztcLHyFX1Yl0="},"chainType":1,"messageKeys":{}}}}},"version":"v1"}