{"_sessions":{"BbJJHajfMmIBjo+lQjur7960dycu8VWaoNZboxb1Vew4":{"registrationId":7581,"currentRatchet":{"ephemeralKeyPair":{"pubKey":"BVMFIctqDinxUR13wO0y6g7PlaYLYru3Ai6zPmGM5gZ5","privKey":"kGr1ZYr1sVHIf2CJwRZMKQvJG5WD7IM79PU0RxgitFk="},"lastRemoteEphemeralKey":"BZ9ayEz/A6+hVXS6WXvvCXjFFiTe0G7fueH2f6BSGZYl","previousCounter":0,"rootKey":"dK173qvCdJZtIhQTfj6PwDhSvgKdvE430g8Cq7Mkqow="},"indexInfo":{"baseKey":"BbJJHajfMmIBjo+lQjur7960dycu8VWaoNZboxb1Vew4","baseKeyType":1,"closed":-1,"used":1750161945073,"created":1750161945073,"remoteIdentityKey":"BRe8T/dJndcjSCNH5a5OMrOeZPL+kwaw0dNgkCMiGM4B"},"_chains":{"BVMFIctqDinxUR13wO0y6g7PlaYLYru3Ai6zPmGM5gZ5":{"chainKey":{"counter":4,"key":"UrrDowxfmD6sCy8mdC66dzGFCXlEVjmDFuMffXvS1nk="},"chainType":1,"messageKeys":{}}},"pendingPreKey":{"signedKeyId":1,"baseKey":"BbJJHajfMmIBjo+lQjur7960dycu8VWaoNZboxb1Vew4","preKeyId":177}}},"version":"v1"}